"","term","weight","topic"
"1","история",0.0508825027600165,1
"2","автор",0.025038022203885,1
"3","статья",0.022516786681541,1
"4","работа",0.0221462304520322,1
"5","вопрос",0.0189274773212011,1
"6","исследование",0.0179756564179531,1
"7","историк",0.0171836832999833,1
"8","книга",0.0147351058618567,1
"9","проблема",0.014502599992361,1
"10","средний",0.0133473364533043,1
"11","средневековый",0.0127370085458781,1
"12","историография",0.0122719968068867,1
"13","материал",0.0105790634446211,1
"14","советский",0.0101939755982688,1
"15","страна",0.00994693811192965,1
"16","период",0.00972169805085569,1
"17","новый",0.008508308044425,1
"18","изучение",0.00842838415178585,1
"19","развитие",0.00829033379177278,1
"20","рецензия",0.0080432963054336,1
"21","римский",0.0354929738558592,2
"22","римлянин",0.0214733983435072,2
"23","раздел",0.0162678175625495,2
"24","италия",0.0110622367815918,2
"25","текст",0.0110622367815918,2
"26","новелла",0.0107664651463101,2
"27","свод",0.00993830456752136,2
"28","бургунд",0.00964253293223967,2
"29","остготский",0.00905098966167629,2
"30","боэция",0.0087552180263946,2
"31","предложение",0.00840029206405658,2
"32","слово",0.00763128581232419,2
"33","античный",0.00739466850409884,2
"34","папский",0.00703974254176081,2
"35","уколова",0.00703974254176081,2
"36","григория",0.00674397090647912,2
"37","вестгот",0.00656650792531011,2
"38","исидор",0.0063890449441411,2
"39","кассиодор",0.00627073629002842,2
"40","клаузул",0.00621158196297208,2
"41","римский",0.0269445344787407,3
"42","государство",0.018354182807842,3
"43","общество",0.0141241951385293,3
"44","германский",0.0137330661417093,3
"45","средневековье",0.0137040936234263,3
"46","империя",0.0136896073642848,3
"47","феодализм",0.0124582753372589,3
"48","немецкий",0.012342385264127,3
"49","племя",0.0117194761210433,3
"50","этнический",0.0112414295693744,3
"51","ранний",0.0106764654628566,3
"52","народ",0.010328795243461,3
"53","строй",0.0102853364660366,3
"54","варварский",0.00957550976810398,3
"55","германец",0.00957550976810398,3
"56","западный",0.00873530673789803,3
"57","военный",0.00873530673789803,3
"58","период",0.00832969148193654,3
"59","народность",0.00832969148193654,3
"60","древний",0.00814137011309728,3
"61","текст",0.0357336837195034,4
"62","книга",0.0261555957928808,4
"63","автор",0.0232385643050239,4
"64","первый",0.0137882844590548,4
"65","история",0.0131567621781786,4
"66","перевод",0.0122771418583867,4
"67","издание",0.0121718881449073,4
"68","сочинение",0.0120741525538193,4
"69","язык",0.0105254193411943,4
"70","часть",0.0098938970603181,4
"71","источник",0.00973601649009904,4
"72","описание",0.00873610621204503,4
"73","рукопись",0.00868347935530534,4
"74","время",0.00863837062095704,4
"75","слово",0.00808954768638604,4
"76","исторический",0.00786400401464453,4
"77","читатель",0.00786400401464453,4
"78","статья",0.00728510859050799,4
"79","хроника",0.00724751797855108,4
"80","второй",0.00660095945289209,4
"81","должен",0.0198214296181906,5
"82","дело",0.0131977802994539,5
"83","время",0.0129830485260285,5
"84","право",0.0125976325224445,5
"85","власть",0.0108522486204997,5
"86","лицо",0.0102961483867571,5
"87","совет",0.00996579181225647,5
"88","случай",0.00920597169090513,5
"89","член",0.00841862185501206,5
"90","первый",0.00757070664712723,5
"91","документ",0.0071963025293599,5
"92","решение",0.00709719555700972,5
"93","представитель",0.00684392218322594,5
"94","сторона",0.00665672012434228,5
"95","должность",0.00623276252039986,5
"96","новый",0.00610061989059962,5
"97","вопрос",0.00568216822956555,5
"98","часть",0.00565463851502383,5
"99","место",0.00555002559976531,5
"100","политика",0.00518112742490633,5
"101","университет",0.0455958575056322,6
"102","греческий",0.0172794643699301,6
"103","университетский",0.0169900997685434,6
"104","медицина",0.0139311025538836,6
"105","врач",0.0121535771453651,6
"106","медицинский",0.00979732253407306,6
"107","ученый",0.00884655312951664,6
"108","язык",0.00818514832634696,6
"109","факультет",0.00818514832634696,6
"110","словесность",0.00781310812456401,6
"111","школа",0.00752374352317727,6
"112","искусство",0.00731705452218675,6
"113","латинский",0.00690367652020569,6
"114","магистр",0.00690367652020569,6
"115","студент",0.00677966311961138,6
"116","корпорация",0.00611825831644169,6
"117","наука",0.00516748891188527,6
"118","труд",0.00496079991089475,6
"119","тело",0.00475411090990422,6
"120","лечение",0.00475411090990422,6
"121","церковь",0.0461962186086597,7
"122","епископ",0.0310464167009503,7
"123","церковный",0.0263255511106616,7
"124","святой",0.0233512792240186,7
"125","христос",0.0210351440952711,7
"126","собор",0.0204529461940558,7
"127","монастырь",0.020187160195675,7
"128","папа",0.0200732519106546,7
"129","римский",0.0130362511916183,7
"130","монах",0.0129856252871648,7
"131","аббат",0.00945446845153333,7
"132","папский",0.00937852959485308,7
"133","архиепископ",0.00794834779404176,7
"134","светский",0.00782178303290801,7
"135","священник",0.00759396646286727,7
"136","петр",0.00736614989282653,7
"137","духовный",0.00712567684667241,7
"138","духовенство",0.00655613542157056,7
"139","аббатство",0.00653082246934381,7
"140","григория",0.00626503647096294,7
"141","государство",0.0424384248738183,8
"142","политический",0.0411851405704636,8
"143","власть",0.0305855552388999,8
"144","монархия",0.0168927575841629,8
"145","государственный",0.014492851471356,8
"146","народ",0.0133728952853794,8
"147","общество",0.0132928984149525,8
"148","идея",0.0109863219843104,8
"149","интерес",0.0107863298082431,8
"150","республика",0.0107196657495541,8
"151","политика",0.0100130267274498,8
"152","право",0.00973303768095568,8
"153","закон",0.00881307367104638,8
"154","гражданский",0.00713313939208156,8
"155","общественный",0.0069998112747034,8
"156","взгляд",0.00675982066342272,8
"157","собственность",0.0064931644286664,8
"158","гаррингтон",0.0064931644286664,8
"159","парламент",0.0063331706878126,8
"160","автор",0.00626650662912352,8
"161","франция",0.0546670602987922,9
"162","французский",0.0437609328967565,9
"163","король",0.032309499124619,9
"164","королевский",0.020842917953312,9
"165","парижский",0.0126633224017852,9
"166","должность",0.0122694900233784,9
"167","письмо",0.0115272674640732,9
"168","парламент",0.0110425506906494,9
"169","париж",0.0101640015388187,9
"170","лига",0.00889162000858121,9
"171","чиновник",0.0079221864617336,9
"172","генеральный",0.00618023555724178,9
"173","сный",0.00618023555724178,9
"174","провинция",0.00583184537634342,9
"175","ливр",0.00563492918713999,9
"176","ордонанс",0.00554404479212303,9
"177","герцог",0.0053774234012586,9
"178","адвокат",0.00519565461122467,9
"179","нормандия",0.00489270662783479,9
"180","генриха",0.00487755922866529,9
"181","свободный",0.0361443230827272,10
"182","король",0.02229264718212,10
"183","закон",0.0204779444499491,10
"184","правда",0.0138351335312684,10
"185","право",0.0130359983831565,10
"186","королевский",0.0126863767558575,10
"187","положение",0.0107218361834156,10
"188","свобода",0.00985610643962764,10
"189","колон",0.00985610643962764,10
"190","население",0.00970626859935665,10
"191","церковь",0.00920680913178668,10
"192","земля",0.0088238902066497,10
"193","имущество",0.0087406469620547,10
"194","вестготский",0.00865740371745971,10
"195","господин",0.00844097128151272,10
"196","зависимый",0.00824118749448473,10
"197","готский",0.00815794424988973,10
"198","термин",0.00792486316502375,10
"199","государство",0.00780832262259075,10
"200","случай",0.00772507937799576,10
"201","христос",0.0202395000853524,11
"202","трактат",0.0155015667419063,11
"203","человеческий",0.0134710238804294,11
"204","природа",0.0126951253886456,11
"205","философия",0.0117706505899244,11
"206","разум",0.0101693281707109,11
"207","свобода",0.00997122642812782,11
"208","воля",0.00992170099248204,11
"209","знание",0.00919532793634397,11
"210","душа",0.00917881945779538,11
"211","божественный",0.00899722619376086,11
"212","сочинение",0.00866705662278901,11
"213","учение",0.00845244640165731,11
"214","аристотель",0.00843593792310872,11
"215","философ",0.0069336663751868,11
"216","макиавелли",0.00691715789663821,11
"217","закон",0.00673556463260369,11
"218","свободный",0.0064879374543748,11
"219","вера",0.00645492049727762,11
"220","любовь",0.00615776788340295,11
"221","русский",0.0483258970506369,12
"222","россия",0.0237087467839789,12
"223","московский",0.0133254145098173,12
"224","великий",0.0117462827264553,12
"225","литовский",0.0102753106542824,12
"226","польский",0.0100806231741419,12
"227","москва",0.00934513713805541,12
"228","царь",0.00737663039441229,12
"229","государство",0.00696562349189339,12
"230","новгород",0.00677093601175286,12
"231","речь",0.00629503328252046,12
"232","рядовой",0.00612197774461777,12
"233","князь",0.00592729026447724,12
"234","грамота",0.00568933889986104,12
"235","двор",0.005429755593007,12
"236","руси",0.00534322782405565,12
"237","посол",0.00529996393957998,12
"238","новгородский",0.00529996393957998,12
"239","немец",0.00497548480601243,12
"240","боярин",0.00495385286377459,12
"241","исторический",0.0507137912876711,13
"242","история",0.0303271485970154,13
"243","историк",0.0218254477315794,13
"244","буржуазный",0.0203866983543517,13
"245","историография",0.0180934190439829,13
"246","наука",0.0177795100889514,13
"247","развитие",0.0141433980265034,13
"248","политический",0.00997538467914089,13
"249","теория",0.00967019541730473,13
"250","научный",0.00953068032617962,13
"251","общественный",0.00888542302972602,13
"252","социальный",0.00878950640457751,13
"253","концепция",0.00858023376788986,13
"254","исследование",0.00850175652913199,13
"255","современный",0.00844071867676475,13
"256","метод",0.00761234782320945,13
"257","общество",0.00718508285663882,13
"258","революция",0.00646134832142735,13
"259","явление",0.0063043938439116,13
"260","экономический",0.00619975752556778,13
"261","письмо",0.0373683146698062,14
"262","историк",0.0142502406248289,14
"263","косминский",0.0133291298620993,14
"264","университет",0.0111256884296874,14
"265","архив",0.0108547734994729,14
"266","история",0.0106922245413441,14
"267","москва",0.00993366273674331,14
"268","время",0.00912091794609958,14
"269","наука",0.00836235614149876,14
"270","профессор",0.00832623415080348,14
"271","советский",0.0079108312578078,14
"272","институт",0.00787470926711252,14
"273","работа",0.00773022130433141,14
"274","документ",0.00718839144390226,14
"275","переписка",0.00713420845785934,14
"276","исторический",0.00691747651368768,14
"277","статья",0.00657431760208255,14
"278","дело",0.0064117686439538,14
"279","публикация",0.00639370764860616,14
"280","английский",0.0061769757044345,14
"281","земля",0.0224261636059712,15
"282","население",0.017571962847526,15
"283","деревня",0.0163001980731732,15
"284","налог",0.0144194191815247,15
"285","доход",0.0136671076248653,15
"286","хозяйство",0.00992346202148868,15
"287","число",0.00899202866562465,15
"288","имущество",0.00861587288729494,15
"289","аренда",0.00786356133063554,15
"290","сумма",0.00761279081174907,15
"291","налоговый",0.00727245939326029,15
"292","сельский",0.00709333759405567,15
"293","расход",0.00709333759405567,15
"294","рента",0.00702168887437382,15
"295","данные",0.00678883053540781,15
"296","размер",0.00659179655628273,15
"297","доля",0.00639476257715764,15
"298","опись",0.00634102603739626,15
"299","общий",0.00610816769843025,15
"300","тысяча",0.00589322153938471,15
"301","время",0.0171888554379094,16
"302","слово",0.0131944790964785,16
"303","дело",0.0102223322033724,16
"304","день",0.00823105287339869,16
"305","самый",0.00821923519191517,16
"306","первый",0.00800651692521175,16
"307","место",0.00739199748806854,16
"308","должен",0.00709064661023869,16
"309","народ",0.00698428747688698,16
"310","образ",0.00672429848424947,16
"311","друг",0.00635795035826025,16
"312","великий",0.00628704426935911,16
"313","сила",0.00589706078040284,16
"314","речь",0.0058261546915017,16
"315","большой",0.00564298062850709,16
"316","известный",0.00464438654314937,16
"317","автор",0.00452030088757237,16
"318","рука",0.00444939479867123,16
"319","смерть",0.004207132328259,16
"320","путь",0.00412440855787434,16
"321","рукопись",0.0346557229375048,17
"322","франк",0.0336268169504297,17
"323","правда",0.0335332800425138,17
"324","текст",0.02857582392297,17
"325","салический",0.0266583173106936,17
"326","глава",0.0241328207969637,17
"327","группа",0.0203445760263689,17
"328","экхардт",0.0141711401039181,17
"329","издание",0.0134696132945487,17
"330","редакция",0.0120665596758099,17
"331","слово",0.0116924120441462,17
"332","солнце",0.0115053382283144,17
"333","кампанелла",0.0102893584254074,17
"334","первый",0.00982167388582778,17
"335","эдикт",0.0096813685239539,17
"336","перевод",0.00846538872104693,17
"337","наследование",0.00729617737209791,17
"338","параграф",0.00720264046418199,17
"339","толкование",0.00678172437856035,17
"340","порядок",0.00673495592460239,17
"341","испание",0.0337495837517929,18
"342","испанский",0.0313130436117442,18
"343","король",0.0196242361831322,18
"344","документ",0.015706016228189,18
"345","португальский",0.0148499345573611,18
"346","португалие",0.0123146157629861,18
"347","кастилие",0.0101744115859163,18
"348","королевский",0.0100427067134813,18
"349","земля",0.00895614151589198,18
"350","кастильский",0.00865980555291308,18
"351","индеец",0.00806713362695529,18
"352","история",0.00760616657343257,18
"353","новый",0.0075732403553238,18
"354","королевство",0.00750738791910627,18
"355","корона",0.00681593733882218,18
"356","бразилие",0.00632204406719069,18
"357","реконкиста",0.00619033919475562,18
"358","толедский",0.00605863432232056,18
"359","христос",0.00592692944988549,18
"360","кортес",0.00582815079555919,18
"361","возрождение",0.0316348454353292,19
"362","культура",0.0236818808041346,19
"363","итальянский",0.0178012922572379,19
"364","гуманист",0.0157112035568349,19
"365","гуманизм",0.0154632269313634,19
"366","эпоха",0.0152329629219969,19
"367","искусство",0.0124697948095997,19
"368","гуманистический",0.0121155424874975,19
"369","литература",0.011389325227188,19
"370","новый",0.0108402341279295,19
"371","творчество",0.00905125990131338,19
"372","петрарка",0.00903354728520827,19
"373","произведение",0.0084136057215294,19
"374","поэт",0.00813020386384763,19
"375","ренессансный",0.00781137677395565,19
"376","поэзия",0.00735084875522278,19
"377","идея",0.00697888381701546,19
"378","античный",0.00632351702112637,19
"379","сочинение",0.00607554039565482,19
"380","средневековый",0.00595155208291905,19
"381","социальный",0.016577204738684,20
"382","женщина",0.0119840984405658,20
"383","христос",0.00864365749647993,20
"384","религиозный",0.00843487993747456,20
"385","ненависть",0.00810083584306597,20
"386","преступление",0.00793381379586167,20
"387","поведение",0.00705694804803912,20
"388","общество",0.00701519253623805,20
"389","психология",0.00643061537102301,20
"390","еврей",0.00638885985922194,20
"391","песня",0.00638885985922194,20
"392","автор",0.00584603820580798,20
"393","тюрьма",0.00572077167040476,20
"394","народный",0.00542848308779724,20
"395","закон",0.00492741694618435,20
"396","наказание",0.00484390592258221,20
"397","бродяга",0.00480215041078113,20
"398","вера",0.00476039489898006,20
"399","казнь",0.00471863938717898,20
"400","грех",0.00471863938717898,20
"401","карта",0.0165343975294048,21
"402","археология",0.0133001015715458,21
"403","археологический",0.0125444249458778,21
"404","географический",0.00810104638694991,21
"405","поселение",0.00807081932192319,21
"406","раскопка",0.00767786747657583,21
"407","здание",0.00746627802138879,21
"408","исследование",0.00692219085090782,21
"409","территория",0.0067408284607475,21
"410","география",0.00665014726566734,21
"411","империя",0.00640833074545358,21
"412","восточный",0.00586424357497262,21
"413","пространство",0.00580378944491918,21
"414","стена",0.00577356237989246,21
"415","часть",0.00562242705475886,21
"416","древний",0.00535038346951837,21
"417","памятник",0.00532015640449165,21
"418","река",0.00510856694930461,21
"419","восток",0.00510856694930461,21
"420","археолог",0.00489697749411757,21
"421","письмо",0.0503729956316562,22
"422","рукопись",0.049962028155051,22
"423","буква",0.0197461336846558,22
"424","библиотека",0.0191786071693439,22
"425","книга",0.0137773203339624,22
"426","лист",0.0128575359815605,22
"427","готический",0.0111158166759483,22
"428","палеография",0.00925667809130612,22
"429","форма",0.0091979684517911,22
"430","рукописный",0.00851302265744924,22
"431","книжный",0.00829775397922751,22
"432","писец",0.00818033470019748,22
"433","курсив",0.00767151782440067,22
"434","текст",0.00735839974698725,22
"435","латинский",0.00729969010747223,22
"436","собрание",0.00710399130908884,22
"437","строка",0.00688872263086711,22
"438","кодекс",0.00641904551474698,22
"439","каталог",0.0060276479179802,22
"440","поле",0.00591022863895017,22
"441","история",0.0482414174894705,23
"442","наука",0.016927598130804,23
"443","редактор",0.0161272449203589,23
"444","культура",0.0123455760010055,23
"445","библиография",0.0100045428604535,23
"446","проблема",0.00986448104862556,23
"447","новый",0.00980445455784218,23
"448","исторический",0.00958435742496976,23
"449","средний",0.00948431327366412,23
"450","средневековый",0.00938426912235847,23
"451","науча",0.00866395123295784,23
"452","искусство",0.00734336843572334,23
"453","государственный",0.00678312118841173,23
"454","время",0.00630290926214464,23
"455","эпоха",0.00630290926214464,23
"456","половина",0.00616284745031674,23
"457","вопрос",0.00602278563848884,23
"458","английский",0.00594275031744433,23
"459","европа",0.00494230880438789,23
"460","средневековье",0.00490229114386563,23
"461","коммуна",0.0284013095127082,24
"462","италия",0.0223056346841522,24
"463","земля",0.0188889507038151,24
"464","сельский",0.0151034201574189,24
"465","договор",0.0147151606141987,24
"466","участок",0.0128709277839031,24
"467","аренда",0.0110655209079296,24
"468","феодал",0.00978426441530314,24
"469","арендатор",0.00972602548382012,24
"470","собственник",0.00955130868937106,24
"471","земельный",0.00891068044305785,24
"472","рента",0.00821181326526163,24
"473","округ",0.00772648883623647,24
"474","лира",0.00727999036153333,24
"475","часть",0.00698879570411823,24
"476","либеллярный",0.00691114379547421,24
"477","денежный",0.00671701402386414,24
"478","граф",0.00665877509238112,24
"479","житель",0.00634816745780502,24
"480","грамота",0.00623168959483899,24
"481","история",0.0226257201290794,25
"482","новый",0.0183851496087181,25
"483","время",0.013893492675967,25
"484","средний",0.0130844364582664,25
"485","средневековый",0.0122195832600349,25
"486","исторический",0.0116127910967595,25
"487","средневековье",0.00863462726091361,25
"488","общество",0.00860672877064808,25
"489","историк",0.00750473840515945,25
"490","социальный",0.00715600727684026,25
"491","исследование",0.00691189548701683,25
"492","эпоха",0.0064934181330338,25
"493","проблема",0.00617258549498015,25
"494","политический",0.00611678851444908,25
"495","власть",0.00580293049896181,25
"496","понятие",0.00578200663126266,25
"497","ранний",0.00573318427329797,25
"498","современный",0.00569133653789967,25
"499","научный",0.00555881870913838,25
"500","процесс",0.00535655465471325,25
"501","герб",0.0415994889162114,26
"502","гербовник",0.0205969836258175,26
"503","печать",0.0184662946833138,26
"504","герба",0.0176038729684908,26
"505","цвет",0.00999426960240606,26
"506","геральдический",0.00999426960240606,26
"507","геральдика",0.00943623202222651,26
"508","изображение",0.00816796479454572,26
"509","рыцарь",0.00796504203811679,26
"510","черный",0.00786358065990233,26
"511","мабильон",0.0065445827431143,26
"512","монета",0.00624019860847091,26
"513","арендт",0.00608800654114922,26
"514","оружие",0.00598654516293475,26
"515","знак",0.00583435309561306,26
"516","музей",0.00568216102829136,26
"517","король",0.00563143033918413,26
"518","известный",0.00563143033918413,26
"519","обозначение",0.00563143033918413,26
"520","девиз",0.0055806996500769,26
"521","восстание",0.035314822337183,27
"522","борьба",0.0295391779109615,27
"523","движение",0.0222406023673781,27
"524","народ",0.0138309575809394,27
"525","крестьянин",0.0136298157352501,27
"526","народный",0.0134957211714572,27
"527","война",0.0132083756776154,27
"528","событие",0.00993263704781809,27
"529","власть",0.00885030235434706,27
"530","крестьянский",0.00862042595927356,27
"531","масса",0.0083330804654317,27
"532","выступление",0.0080265786053337,27
"533","сила",0.00789248404154083,27
"534","правительство",0.00761471673082703,27
"535","политический",0.00750935671641834,27
"536","требование",0.00690593117935042,27
"537","партия",0.00667605478427693,27
"538","население",0.00636955292417894,27
"539","отряд",0.00611094197972126,27
"540","положение",0.00584275285213551,27
"541","сословие",0.0454709618077431,28
"542","собрание",0.0265749517070979,28
"543","король",0.0237087029839663,28
"544","дворянство",0.0184716065515778,28
"545","венгерский",0.0167377030030167,28
"546","сословный",0.0159592156954995,28
"547","депутат",0.0142606979336438,28
"548","штат",0.0141191547868224,28
"549","духовенство",0.0136591395596532,28
"550","дворянин",0.0133052816925999,28
"551","королевский",0.012349865451556,28
"552","венгрия",0.0123144796648507,28
"553","королевство",0.010297489822647,28
"554","государственный",0.00909437307466586,28
"555","представительный",0.00895282992784455,28
"556","третий",0.00877590099431791,28
"557","представительство",0.00842204312726463,28
"558","фердинанда",0.00831588576714865,28
"559","страна",0.00782048475327405,28
"560","статья",0.00764355581974741,28
"561","доклад",0.0477983064586348,29
"562","проблема",0.0229966511111888,29
"563","ский",0.0137453892226797,29
"564","развитие",0.0111317197053977,29
"565","страна",0.010078730547356,29
"566","докладчик",0.0094394157014021,29
"567","социальный",0.00942061232357993,29
"568","конгресс",0.00880010085544823,29
"569","феодализм",0.00866847721069302,29
"570","конференция",0.00829240965424956,29
"571","структура",0.00754027454136264,29
"572","дискуссия",0.00748386440789612,29
"573","советский",0.00731463400749657,29
"574","сообщение",0.00710779685145267,29
"575","научный",0.00707019009580832,29
"576","вопрос",0.00656249889460965,29
"577","генезис",0.00648728538332096,29
"578","международный",0.00635566173856575,29
"579","секция",0.00635566173856575,29
"580","хроника",0.00582916715954491,29
"581","город",0.217340923374837,30
"582","городской",0.0870165706786222,30
"583","горожанин",0.030508452346379,30
"584","средневековый",0.0164565665376962,30
"585","центр",0.0114219336543713,30
"586","право",0.0106830198729878,30
"587","житель",0.0101695374147383,30
"588","население",0.00999420194118963,30
"589","торговля",0.00979381854284835,30
"590","привилегия",0.00845375456644098,30
"591","экономический",0.00794027210819143,30
"592","малый",0.00721388228920426,30
"593","торговый",0.00712621455242995,30
"594","развитие",0.00710116662763729,30
"595","ремесло",0.00708864266524096,30
"596","хартия",0.00658768416938774,30
"597","купец",0.00631215699666847,30
"598","ремесленник",0.00579867453841892,30
"599","число",0.00564838698966295,30
"600","роль",0.0055857671776813,30
"601","феодальный",0.0424943215367556,31
"602","развитие",0.024113727194606,31
"603","отношение",0.0218111472933564,31
"604","экономический",0.0199223643598675,31
"605","производство",0.0167387973659658,31
"606","крестьянство",0.0164851798695962,31
"607","феодализм",0.0146164193700313,31
"608","форма",0.0144962847664878,31
"609","труд",0.0142893862826074,31
"610","крестьянин",0.0136887132648901,31
"611","хозяйство",0.0131013885364554,31
"612","класс",0.0124072774937599,31
"613","собственность",0.0121870307205968,31
"614","общество",0.0113127177725861,31
"615","процесс",0.0107587637673579,31
"616","капиталистический",0.0102582029192602,31
"617","земля",0.010078001013945,31
"618","крестьянский",0.00987777667470586,31
"619","социальный",0.00957744016584721,31
"620","маркс",0.0095574177319233,31
"621","англия",0.0208355150063486,32
"622","король",0.0200409510277993,32
"623","английский",0.0169509800001074,32
"624","англосаксонский",0.0140375787454264,32
"625","беда",0.0126691630045914,32
"626","британие",0.012404308345075,32
"627","архиепископ",0.0121394536855585,32
"628","запись",0.0091377675443721,32
"629","бритт",0.00882877044160291,32
"630","народ",0.00856391578208646,32
"631","кентерберийский",0.00825491867931727,32
"632","история",0.00816663379281179,32
"633","заем",0.00816663379281179,32
"634","королевство",0.0073279273710097,32
"635","королева",0.00675407560872406,32
"636","ангел",0.00670993316547132,32
"637","грэшем",0.0065775058357131,32
"638","идентичность",0.00648922094920761,32
"639","англичанин",0.00631265117619665,32
"640","альфред",0.00622436628969116,32
"641","король",0.0312052532738188,33
"642","консул",0.0196371807107113,33
"643","туат",0.013221274919408,33
"644","тулузский",0.0119575358999089,33
"645","текст",0.0115686931246784,33
"646","мунстер",0.010110532717564,33
"647","ирландский",0.00991611132994873,33
"648","ирландия",0.0094300578609106,33
"649","трактат",0.00933284716710298,33
"650","реликвия",0.0090412150856801,33
"651","цена",0.00894400439187247,33
"652","честь",0.00661094774048945,33
"653","клиент",0.00661094774048945,33
"654","корова",0.00612489427145132,33
"655","килла",0.00563884080241319,33
"656","залог",0.00554163010860556,33
"657","консульский",0.00554163010860556,33
"658","тулуз",0.00554163010860556,33
"659","достоинство",0.00544441941479793,33
"660","консулата",0.00544441941479793,33
"661","семья",0.0530390087129687,34
"662","женщина",0.0237167194311906,34
"663","ребенок",0.0221440706980848,34
"664","жена",0.0198358282027199,34
"665","брат",0.0193538874619294,34
"666","брак",0.0189734079297264,34
"667","отец",0.0186182936996703,34
"668","имущество",0.0181870835631736,34
"669","родственник",0.0172485673837395,34
"670","дочь",0.0135452332702969,34
"671","наследник",0.0131901190402408,34
"672","семейный",0.0128603701123315,34
"673","земля",0.0116935662135756,34
"674","мать",0.0103999358040854,34
"675","доля",0.010298474595498,34
"676","наследование",0.00996872566758869,34
"677","смерть",0.00963897673967942,34
"678","случай",0.00910630539459521,34
"679","наследство",0.00864972995595161,34
"680","мужчина",0.00791413619369247,34
"681","английский",0.0771579652900363,35
"682","англия",0.0676530111138409,35
"683","король",0.032844111702194,35
"684","королевский",0.028483015080175,35
"685","парламент",0.0248727299645108,35
"686","графство",0.0188183137749678,35
"687","гильдия",0.0122846561983898,35
"688","феодал",0.0118373642371571,35
"689","лондон",0.0107191343340753,35
"690","община",0.0102079435212379,35
"691","корона",0.010128069956732,35
"692","хартия",0.00995234811481916,35
"693","генриха",0.00939323316327826,35
"694","эдуард",0.00865839636982449,35
"695","представитель",0.0069650768023006,35
"696","барон",0.00656570897977138,35
"697","право",0.0065018101281667,35
"698","петиция",0.00627816414755034,35
"699","рыцарь",0.00600659402823047,35
"700","доход",0.00579892276051528,35
"701","король",0.055565709982694,36
"702","двор",0.0195872113945707,36
"703","власть",0.0162299363267169,36
"704","герцог",0.015637476020625,36
"705","королевство",0.0149013889736624,36
"706","политический",0.0140575818710468,36
"707","карло",0.0138241884171318,36
"708","людовик",0.0118672740727678,36
"709","правитель",0.0107003068031929,36
"710","бургундский",0.00983854635796843,36
"711","королевский",0.00951538619100924,36
"712","французский",0.00937175945013849,36
"713","монарх",0.00921017936665889,36
"714","образ",0.00867157908839357,36
"715","придворный",0.0084381856344786,36
"716","генриха",0.00727121836490375,36
"717","император",0.00671466474402958,36
"718","карл",0.00655308466054999,36
"719","правление",0.00626583117880848,36
"720","франция",0.00601448438228467,36
"721","торговля",0.0343989092523339,37
"722","купец",0.0232283103285577,37
"723","торговый",0.0201545905877587,37
"724","производство",0.0194428903793187,37
"725","товар",0.0175140796694885,37
"726","рынок",0.0112841242216945,37
"727","экономический",0.0101907876695982,37
"728","цена",0.00997418325833389,37
"729","компания",0.00992261077946142,37
"730","рабочий",0.00907682212595297,37
"731","город",0.00871581477384571,37
"732","страна",0.00859204082455179,37
"733","промышленность",0.00835480742173845,37
"734","развитие",0.00684889103866243,37
"735","капитал",0.00645694019923168,37
"736","крупный",0.00633316624993777,37
"737","деньги",0.00626096477951631,37
"738","большой",0.00605467486402645,37
"739","ткань",0.0058277559569876,37
"740","количество",0.00570398200769368,37
"741","вопрос",0.0123099675460341,38
"742","время",0.012166307863711,38
"743","первый",0.0119349598038661,38
"744","общий",0.0105338114736759,38
"745","образ",0.00951513372629396,38
"746","отношение",0.00940692253701163,38
"747","новый",0.00893489786652147,38
"748","самый",0.00841063331155019,38
"749","важный",0.00736956704224778,38
"750","иной",0.00719978741768412,38
"751","характер",0.00717926460592368,38
"752","известный",0.00716807034496344,38
"753","сторона",0.00702441066264035,38
"754","связь",0.00694045370543854,38
"755","форма",0.00677253979103492,38
"756","источник",0.00673149416751404,38
"757","роль",0.00665686576111243,38
"758","основной",0.00633223219326544,38
"759","случай",0.00629864941038472,38
"760","период",0.00620536390238271,38
"761","флоренция",0.0535688641537618,39
"762","италия",0.0482701549282044,39
"763","итальянский",0.0403220910898683,39
"764","флорентийский",0.0352172370798801,39
"765","дант",0.0182549057175775,39
"766","герцог",0.00995144065069799,39
"767","венеция",0.00894985537025727,39
"768","город",0.0089175461676624,39
"769","рутенбург",0.0084975265339292,39
"770","политический",0.00804519769760113,39
"771","тосканский",0.00726977683532444,39
"772","милан",0.00714054002494499,39
"773","медич",0.00697899401197068,39
"774","италий",0.00672052039121178,39
"775","хроника",0.00642973756785802,39
"776","флорентиец",0.00642973756785802,39
"777","гранд",0.00630050075747858,39
"778","коммуна",0.00620357314969399,39
"779","неаполитанский",0.00617126394709913,39
"780","пополан",0.00581586271855565,39
"781","земля",0.0530884899524526,40
"782","грамота",0.0307626674040765,40
"783","община",0.0288538464870921,40
"784","собственность",0.0226000851402867,40
"785","владение",0.0220833325163517,40
"786","монастырь",0.0194784774528425,40
"787","право",0.0180969551317101,40
"788","земельный",0.0177173001426967,40
"789","деревня",0.0165783351756562,40
"790","собственник",0.0130137966676963,40
"791","дарение",0.0123494004369227,40
"792","общинный",0.0122966705773375,40
"793","крестьянин",0.0103245738288508,40
"794","участок",0.0100820164747589,40
"795","землевладение",0.00829974722077895,40
"796","свободный",0.00761425904617128,40
"797","часть",0.00742443155166454,40
"798","мелкий",0.00709750642223626,40
"799","надел",0.00659129977021829,40
"800","пользование",0.00652802393871604,40
"801","русский",0.0306779299055763,41
"802","грановский",0.0258315443561251,41
"803","ковалевский",0.0142002190374422,41
"804","лучицкий",0.0128432310835959,41
"805","наука",0.0121162732511782,41
"806","россия",0.0115831708407385,41
"807","маркс",0.0100323274649141,41
"808","белинский",0.00964461662095805,41
"809","герье",0.00925690577700195,41
"810","право",0.00843302023359524,41
"811","французский",0.00838455637810073,41
"812","время",0.00819070095612268,41
"813","рамус",0.00799684553414464,41
"814","ешевский",0.00794838167865012,41
"815","герцена",0.00780299011216659,41
"816","лекция",0.00756067083469403,41
"817","ученый",0.00741527926821049,41
"818","курс",0.00702756842425439,41
"819","история",0.00697910456875988,41
"820","карей",0.00644600215832025,41
"821","горный",0.0356930802069292,42
"822","фуггер",0.0175046290858993,42
"823","рабочий",0.0136415952194859,42
"824","дело",0.0117100782862792,42
"825","рудник",0.0106638399474589,42
"826","герцог",0.0102212006502657,42
"827","горнорабочий",0.0100200009697233,42
"828","гульден",0.00993952109750636,42
"829","участник",0.0091347223753369,42
"830","бюргер",0.00849088339760133,42
"831","район",0.00816896390873354,42
"832","компания",0.00780680448375728,42
"833","деятельность",0.00756536486710644,42
"834","предприниматель",0.00720320544213019,42
"835","мюнцер",0.00708248563380477,42
"836","герцогский",0.00680080608104546,42
"837","аугсбург",0.00672032620882851,42
"838","регальный",0.00672032620882851,42
"839","саксоние",0.00651912652828614,42
"840","германий",0.0064386466560692,42
"841","революция",0.0332974122580754,43
"842","нидерландский",0.0293118954940486,43
"843","нидерланда",0.0215944857600693,43
"844","провинция",0.0213046299954128,43
"845","нидерланд",0.0180437526430272,43
"846","фландрия",0.0176814329372066,43
"847","голландия",0.0166669377609089,43
"848","штат",0.0121379414381511,43
"849","чистозвон",0.0116306938500022,43
"850","английский",0.0105799667031224,43
"851","голландский",0.0104350388207942,43
"852","война",0.0100364871443915,43
"853","республика",0.00996402320322735,43
"854","испанский",0.00902199196809374,43
"855","герцог",0.00836981649761662,43
"856","революционный",0.00815242467412424,43
"857","оранский",0.00789880088004981,43
"858","страна",0.0077176410271395,43
"859","брабант",0.00764517708597537,43
"860","период",0.00753648117422919,43
"861","реформация",0.0250623865543956,44
"862","церковь",0.0218423587601372,44
"863","католический",0.0170361103775742,44
"864","движение",0.0147678149362986,44
"865","мюнцер",0.0134353896421228,44
"866","религиозный",0.0123250352303095,44
"867","учение",0.0117539958185199,44
"868","идея",0.0104532949361101,44
"869","ересь",0.0101519130243322,44
"870","лютер",0.00997742875961869,44
"871","германий",0.00900983420075287,44
"872","борьба",0.00883534993603937,44
"873","крестьянский",0.00772499552422613,44
"874","еретик",0.00770913331834309,44
"875","христос",0.0074394758183313,44
"876","церковный",0.00710636949478733,44
"877","взгляд",0.0070587828771382,44
"878","власть",0.00598015287709106,44
"879","реформационный",0.00590084184767583,44
"880","деятельность",0.0058215308182606,44
"881","поле",0.0246880755832985,45
"882","земля",0.0215493828966145,45
"883","общинный",0.0178251132161463,45
"884","пастбище",0.0145224589712027,45
"885","район",0.014288228173689,45
"886","деревня",0.0133981511431368,45
"887","селение",0.0132576126646286,45
"888","лесной",0.0131404972658717,45
"889","участок",0.0129765357076121,45
"890","название",0.0113837662845187,45
"891","угодье",0.010329727695707,45
"892","территория",0.00974415070192263,45
"893","заимок",0.00974415070192263,45
"894","вилла",0.00958018914366302,45
"895","источник",0.00904145830938145,45
"896","пользование",0.00845588131559713,45
"897","новый",0.00810453511932654,45
"898","скот",0.00756580428504496,45
"899","размер",0.00714418884952025,45
"900","право",0.00709734269001751,45
"901","манор",0.0387622295836116,46
"902","держание",0.0274175287951601,46
"903","земля",0.0258545390194836,46
"904","держатель",0.0226504099793469,46
"905","рента",0.0156820805627894,46
"906","виллан",0.0132594464104909,46
"907","стонор",0.0127514747333961,46
"908","опись",0.0106153887066382,46
"909","манора",0.0104590897290706,46
"910","владение",0.0100292675407596,46
"911","вотчина",0.00988599347798924,46
"912","свободный",0.00966456992643508,46
"913","лорда",0.00945617128967822,46
"914","манориальный",0.00894819961258337,46
"915","мелкий",0.00875282589062382,46
"916","огораживание",0.00850535250947505,46
"917","лорд",0.00790620642879907,46
"918","площадь",0.00746335932569075,46
"919","размер",0.00687723815981208,46
"920","крупный",0.00686421324501478,46
"921","крестьянин",0.0642813788037579,47
"922","держание",0.0216490214345493,47
"923","крестьянский",0.0197438104838593,47
"924","повинность",0.0195219708526145,47
"925","держатель",0.018008241604121,47
"926","хозяйство",0.0158420428519666,47
"927","рента",0.0151634745681592,47
"928","барщина",0.0119141764399275,47
"929","аббатство",0.0110790154752414,47
"930","денежный",0.0102960520708482,47
"931","манс",0.00981322463813911,47
"932","феодал",0.00870402648191544,47
"933","крестьянство",0.00836474234001173,47
"934","надел",0.00827339660949919,47
"935","земля",0.00773837161649718,47
"936","крепостной",0.0071511490632023,47
"937","случай",0.00694235882203079,47
"938","продукт",0.00685101309151825,47
"939","имение",0.00659002529005386,47
"940","господский",0.00657697589998064,47
"941","икона",0.0181126818420694,48
"942","документ",0.0146626971455855,48
"943","счет",0.0138002009714645,48
"944","язык",0.0106787862460743,48
"945","прибыль",0.00961093384001978,48
"946","смоленский",0.00874843766589881,48
"947","книга",0.00858415268035196,48
"948","запись",0.00805022647732469,48
"949","средний",0.00665380410017645,48
"950","норма",0.0064895191146296,48
"951","венецианский",0.00636630537546946,48
"952","архив",0.00636630537546946,48
"953","фратерный",0.00607880665076247,48
"954","убыток",0.00579130792605548,48
"955","судебный",0.00558595169412191,48
"956","брат",0.0055448804477352,48
"957","курия",0.00546273795496177,48
"958","фирма",0.00529845296941492,48
"959","послание",0.00517523923025478,48
"960","соранцо",0.00501095424470793,48
"961","английский",0.05501083695725,49
"962","ирландия",0.0509126271564545,49
"963","ирландский",0.036529486990201,49
"964","земля",0.0258899038535203,49
"965","ирландец",0.0234861461818999,49
"966","англичанин",0.019309124654166,49
"967","англия",0.0130829982260343,49
"968","гасконь",0.0113491402333901,49
"969","колонист",0.0108762698717598,49
"970","король",0.0102457760562528,49
"971","ольстер",0.00937884705993069,49
"972","вождь",0.00788142424810156,49
"973","басовский",0.00788142424810156,49
"974","энгельса",0.00740855388647131,49
"975","графство",0.00736914802300212,49
"976","колония",0.007132712842187,49
"977","страна",0.00701449525177943,49
"978","участок",0.00658103075361837,49
"979","политика",0.00598994280158055,49
"980","земельный",0.00595053693811136,49
"981","эразм",0.047998436718367,50
"982","книга",0.0318792856700997,50
"983","рабочий",0.0270024724548596,50
"984","утопия",0.0256677656801623,50
"985","печатник",0.0225363382472187,50
"986","типография",0.0210989617206216,50
"987","издание",0.0165301577610809,50
"988","книготорговец",0.0150414463585339,50
"989","книгопечатание",0.0144254278471352,50
"990","мора",0.0144254278471352,50
"991","лион",0.0110886609103919,50
"992","лионский",0.00790589860149839,50
"993","работа",0.00708454058630006,50
"994","труд",0.00682786620655058,50
"995","пиркгеймер",0.00682786620655058,50
"996","типографский",0.0065711918268011,50
"997","шрифт",0.00621184769515183,50
"998","типограф",0.00610917794325204,50
"999","издатель",0.00585250356350256,50
"1000","гуманист",0.00580116868755266,50
"1001","история",0.04578258199632,51
"1002","научный",0.0231994454977057,51
"1003","работа",0.0200233956542818,51
"1004","средний",0.0178333433741895,51
"1005","наука",0.0159277134681351,51
"1006","исторический",0.0155484836360845,51
"1007","студент",0.0109503219224708,51
"1008","кафедра",0.010921879685067,51
"1009","ученый",0.0108934374476632,51
"1010","советский",0.0102582274789784,51
"1011","курс",0.00931963364465314,51
"1012","университет",0.00871286591337215,51
"1013","институт",0.00759413790882283,51
"1014","школа",0.0073571192637912,51
"1015","косминский",0.00724335031417601,51
"1016","диссертация",0.00660814034549123,51
"1017","медиевист",0.00651333288747857,51
"1018","сказкина",0.00617202603863302,51
"1019","медиевистика",0.00613410305542796,51
"1020","лекция",0.00592552664780012,51
"1021","руси",0.0199313358612913,52
"1022","греческий",0.018440764836029,52
"1023","византийский",0.0169076060671878,52
"1024","русский",0.0140116395038211,52
"1025","надпись",0.0116693136069804,52
"1026","древнерусский",0.0111582606840333,52
"1027","древний",0.0106897955046652,52
"1028","готский",0.00843264509498227,52
"1029","храм",0.00826229412066658,52
"1030","новгородский",0.00800676765919305,52
"1031","князь",0.00711242504403568,52
"1032","византия",0.00698466181329891,52
"1033","граффити",0.00685689858256215,52
"1034","день",0.00681431083898322,52
"1035","монастырь",0.00672913535182538,52
"1036","датировка",0.00672913535182538,52
"1037","летопись",0.00643102114677292,52
"1038","освящений",0.00613290694172047,52
"1039","славянский",0.00604773145456262,52
"1040","праздник",0.00532373981372094,52
"1041","шведский",0.0583381844472457,53
"1042","швеция",0.0521450348106839,53
"1043","ганзейский",0.0162859338286165,53
"1044","страна",0.0159800992786628,53
"1045","король",0.0128452951416377,53
"1046","марка",0.0126923778666609,53
"1047","датский",0.00906059258596111,53
"1048","дание",0.00875475803600744,53
"1049","серебро",0.00756964915493698,53
"1050","ганза",0.00711089733000648,53
"1051","швед",0.00699620937377385,53
"1052","скандинавский",0.00649922823009915,53
"1053","любек",0.00615516436140127,53
"1054","стокгольм",0.00600224708642444,53
"1055","конец",0.00554349526149394,53
"1056","город",0.00542880730526131,53
"1057","область",0.00542880730526131,53
"1058","монета",0.0053523486677729,53
"1059","биргер",0.00519943139279606,53
"1060","пинг",0.00516120207405185,53
"1061","право",0.0913352200270424,54
"1062","правовой",0.0250810900167876,54
"1063","документ",0.0233671286195691,54
"1064","случай",0.0129881401586352,54
"1065","имущество",0.0128548320499627,54
"1066","грамота",0.0124739517394697,54
"1067","юридический",0.0119788073358288,54
"1068","средневековый",0.0109885185285471,54
"1069","сейзина",0.0109885185285471,54
"1070","обычай",0.0107409463267266,54
"1071","собственность",0.0100934497988886,54
"1072","земля",0.00994109767469136,54
"1073","судебный",0.00893176485188495,54
"1074","владение",0.00874132469663846,54
"1075","лицо",0.00870323666558916,54
"1076","норма",0.00860801658796591,54
"1077","практика",0.00820809226194828,54
"1078","правило",0.00738919959438836,54
"1079","мейтленд",0.00639891078710659,54
"1080","статус",0.0062084706318601,54
"1081","король",0.0275582092821698,55
"1082","граф",0.0200787055069413,55
"1083","английский",0.0200060889654343,55
"1084","шотландия",0.0177186679079615,55
"1085","шотландский",0.0160484874532988,55
"1086","брюс",0.0138699912080867,55
"1087","англия",0.0136521415835654,55
"1088","роберт",0.00867790849033097,55
"1089","барбор",0.00733450247245013,55
"1090","бэкон",0.00704403630642184,55
"1091","кромвель",0.00675357014039355,55
"1092","тюдор",0.00657202878662587,55
"1093","томас",0.00642679570361173,55
"1094","замок",0.00606371299607636,55
"1095","англичанин",0.00602740472532283,55
"1096","земля",0.00595478818381576,55
"1097","орден",0.00584586337155515,55
"1098","война",0.00551908893477332,55
"1099","елизавет",0.00533754758100564,55
"1100","эссекс",0.00522862276874503,55
"1101","император",0.0228535146071163,56
"1102","империя",0.0181327681805544,56
"1103","война",0.0159912375168491,56
"1104","немецкий",0.0132400740364686,56
"1105","французский",0.0124272302809017,56
"1106","германий",0.0123334406167978,56
"1107","князь",0.0108484376018197,56
"1108","король",0.0100355938462528,56
"1109","имперский",0.00984801451804499,56
"1110","чешский",0.00964480357915325,56
"1111","союз",0.00931653975478967,56
"1112","политика",0.00903517076247803,56
"1113","политический",0.00875380177016639,56
"1114","франция",0.00848806438853874,56
"1115","договор",0.0079722212359674,56
"1116","посол",0.00762832580091984,56
"1117","переговоры",0.00733132519792422,56
"1118","письмо",0.00681548204535288,56
"1119","отношение",0.00661227110646114,56
"1120","государство",0.00654974466372522,56
"1121","бонд",0.0285524023528896,57
"1122","норвегия",0.0253370648420606,57
"1123","конунг",0.0237293960866461,57
"1124","король",0.0180704020675871,57
"1125","норвежский",0.0151122915576245,57
"1126","закон",0.011736187171254,57
"1127","страна",0.00987129141497323,57
"1128","земля",0.00852084966042507,57
"1129","тинг",0.00803854903380072,57
"1130","большой",0.00758840178228466,57
"1131","дружина",0.00723471465609348,57
"1132","должен",0.00700964103033545,57
"1133","датский",0.00672026065436084,57
"1134","область",0.00655949377881939,57
"1135","исландский",0.00649518702860281,57
"1136","королевский",0.00646303365349452,57
"1137","магнус",0.00572350602600386,57
"1138","глава",0.00562704590067899,57
"1139","гуревич",0.00556273915046241,57
"1140","судебник",0.00536981889981268,57
"1141","власть",0.0428442342182156,58
"1142","право",0.027043814726142,58
"1143","королевский",0.0181758732740205,58
"1144","феодальный",0.0167330732758579,58
"1145","государственный",0.0154486293750545,58
"1146","судебный",0.0134427854751699,58
"1147","территория",0.0128973366953767,58
"1148","граф",0.0125630293787293,58
"1149","король",0.0116656781603599,58
"1150","отношение",0.0115777025507158,58
"1151","иммунитет",0.0109794684051362,58
"1152","владение",0.0107331366981328,58
"1153","графство",0.0094662879192583,58
"1154","территориальный",0.00939590743154305,58
"1155","юрисдикция",0.00937831230961424,58
"1156","вассал",0.00921995621225493,58
"1157","политический",0.00883286352982105,58
"1158","сеньор",0.00878007816403461,58
"1159","иммунитетный",0.00823462938424143,58
"1160","церковный",0.00793551231145161,58
"1161","поход",0.0373981802801086,59
"1162","крестовый",0.0290279997630926,59
"1163","венеция",0.0236376035101343,59
"1164","венецианский",0.0202560505812599,59
"1165","византийский",0.0172427855951341,59
"1166","византия",0.0102453146829088,59
"1167","восток",0.0102453146829088,59
"1168","турок",0.00900652796639039,59
"1169","политика",0.00816950991468879,59
"1170","греческий",0.00672983886576204,59
"1171","христос",0.00662939669955785,59
"1172","крестоносный",0.00659591597748979,59
"1173","венецианец",0.00629458947887721,59
"1174","остров",0.00622762803474108,59
"1175","республика",0.00599326298026464,59
"1176","крестоносец",0.00589282081406044,59
"1177","империя",0.005658455759584,59
"1178","первый",0.00535712926097142,59
"1179","хроника",0.00515624492856304,59
"1180","пелопоннес",0.00515624492856304,59
"1181","мастер",0.0350524506234827,60
"1182","ремесло",0.0273245747183438,60
"1183","цеховой",0.0196929963322721,60
"1184","ученик",0.0189226161797349,60
"1185","должен",0.0182485335462649,60
"1186","ремесленник",0.0141077402263774,60
"1187","корпорация",0.0136021782512748,60
"1188","устава",0.0126392030606033,60
"1189","ремесленный",0.0100150956660235,60
"1190","член",0.00991879814695633,60
"1191","торговец",0.00922064113371949,60
"1192","ткач",0.00885952543721767,60
"1193","король",0.00828174032281477,60
"1194","изделие",0.00813729404421404,60
"1195","организация",0.0080169221453801,60
"1196","подмастерье",0.00799284776561331,60
"1197","работа",0.00719839323330932,60
"1198","штраф",0.00710209571424217,60
"1199","изготовитель",0.00662060811890642,60
"1200","парижский",0.00628356680217139,60
